Id,Demand
0,603.0
1,185.0
2,116.0
3,116.0
4,116.0
5,116.0
6,116.0
7,116.0
8,116.0
9,222.0
10,222.0
11,222.0
12,222.0
13,222.0
14,222.0
15,222.0
16,179.0
17,179.0
18,179.0
19,233.0
20,233.0
21,233.0
22,547.0
23,547.0
24,547.0
25,547.0
26,547.0
27,547.0
28,913.0
29,416.0
30,297.0
31,297.0
32,297.0
33,297.0
34,297.0
35,297.0
36,297.0
37,403.0
38,403.0
39,403.0
40,403.0
41,403.0
42,403.0
43,403.0
44,360.0
45,360.0
46,360.0
47,414.0
48,414.0
49,414.0
50,800.0
51,857.0
52,857.0
53,857.0
54,857.0
55,857.0
56,832.0
57,303.0
58,184.0
59,184.0
60,184.0
61,184.0
62,184.0
63,184.0
64,184.0
65,289.0
66,289.0
67,289.0
68,289.0
69,289.0
70,289.0
71,289.0
72,247.0
73,247.0
74,247.0
75,300.0
76,300.0
77,300.0
78,718.0
79,775.0
80,775.0
81,775.0
82,775.0
83,775.0
84,832.0
85,303.0
86,184.0
87,184.0
88,184.0
89,184.0
90,184.0
91,184.0
92,184.0
93,184.0
94,289.0
95,289.0
96,289.0
97,289.0
98,289.0
99,289.0
100,247.0
101,247.0
102,247.0
103,300.0
104,300.0
105,300.0
106,718.0
107,775.0
108,775.0
109,775.0
110,775.0
111,775.0
112,858.0
113,381.0
114,239.0
115,239.0
116,239.0
117,239.0
118,239.0
119,239.0
120,239.0
121,367.0
122,367.0
123,367.0
124,367.0
125,367.0
126,367.0
127,367.0
128,302.0
129,302.0
130,302.0
131,355.0
132,355.0
133,355.0
134,745.0
135,802.0
136,802.0
137,802.0
138,802.0
139,802.0
140,858.0
141,381.0
142,239.0
143,239.0
144,239.0
145,239.0
146,239.0
147,239.0
148,239.0
149,367.0
150,367.0
151,367.0
152,367.0
153,367.0
154,367.0
155,367.0
156,302.0
157,302.0
158,302.0
159,355.0
160,355.0
161,355.0
162,745.0
163,802.0
164,802.0
165,802.0
166,802.0
167,802.0
168,858.0
169,381.0
170,239.0
171,239.0
172,239.0
173,239.0
174,239.0
175,239.0
176,239.0
177,367.0
178,367.0
179,367.0
180,367.0
181,367.0
182,367.0
183,367.0
184,302.0
185,302.0
186,302.0
187,355.0
188,355.0
189,355.0
190,745.0
191,802.0
192,802.0
193,802.0
194,802.0
195,802.0
196,858.0
197,381.0
198,239.0
199,239.0
200,239.0
201,239.0
202,239.0
203,239.0
204,239.0
205,367.0
206,367.0
207,367.0
208,367.0
209,367.0
210,367.0
211,367.0
212,302.0
213,302.0
214,302.0
215,355.0
216,355.0
217,355.0
218,745.0
219,802.0
220,802.0
221,802.0
222,802.0
223,802.0
224,858.0
225,381.0
226,239.0
227,239.0
228,239.0
229,239.0
230,239.0
231,239.0
232,239.0
233,367.0
234,367.0
235,367.0
236,367.0
237,367.0
238,367.0
239,367.0
240,302.0
241,302.0
242,302.0
243,355.0
244,355.0
245,355.0
246,745.0
247,802.0
248,802.0
249,802.0
250,802.0
251,802.0
252,573.0
253,199.0
254,141.0
255,141.0
256,141.0
257,141.0
258,141.0
259,141.0
260,141.0
261,243.0
262,243.0
263,243.0
264,243.0
265,243.0
266,243.0
267,243.0
268,221.0
269,221.0
270,221.0
271,274.0
272,274.0
273,274.0
274,514.0
275,517.0
276,517.0
277,517.0
278,517.0
279,517.0
280,573.0
281,169.0
282,111.0
283,111.0
284,111.0
285,111.0
286,111.0
287,111.0
288,111.0
289,213.0
290,213.0
291,213.0
292,213.0
293,213.0
294,213.0
295,213.0
296,191.0
297,191.0
298,191.0
299,244.0
300,244.0
301,244.0
302,514.0
303,517.0
304,517.0
305,517.0
306,517.0
307,517.0
308,573.0
309,169.0
310,111.0
311,111.0
312,111.0
313,111.0
314,111.0
315,111.0
316,111.0
317,111.0
318,213.0
319,213.0
320,213.0
321,213.0
322,213.0
323,213.0
324,191.0
325,191.0
326,191.0
327,244.0
328,244.0
329,244.0
330,514.0
331,517.0
332,517.0
333,517.0
334,517.0
335,517.0
336,636.0
337,256.0
338,198.0
339,198.0
340,198.0
341,198.0
342,198.0
343,198.0
344,198.0
345,300.0
346,300.0
347,300.0
348,300.0
349,300.0
350,300.0
351,300.0
352,278.0
353,278.0
354,278.0
355,331.0
356,331.0
357,331.0
358,565.0
359,580.0
360,580.0
361,580.0
362,580.0
363,580.0
364,588.0
365,137.0
366,79.0
367,79.0
368,79.0
369,79.0
370,79.0
371,79.0
372,79.0
373,181.0
374,181.0
375,181.0
376,181.0
377,181.0
378,181.0
379,181.0
380,159.0
381,159.0
382,159.0
383,212.0
384,212.0
385,212.0
386,491.0
387,532.0
388,532.0
389,532.0
390,532.0
391,532.0
392,807.0
393,354.0
394,296.0
395,296.0
396,296.0
397,296.0
398,296.0
399,296.0
400,296.0
401,398.0
402,398.0
403,398.0
404,398.0
405,398.0
406,398.0
407,398.0
408,376.0
409,376.0
410,376.0
411,429.0
412,429.0
413,429.0
414,759.0
415,750.0
416,750.0
417,750.0
418,750.0
419,750.0
420,807.0
421,354.0
422,296.0
423,296.0
424,296.0
425,296.0
426,296.0
427,296.0
428,296.0
429,296.0
430,398.0
431,398.0
432,398.0
433,398.0
434,398.0
435,398.0
436,376.0
437,376.0
438,376.0
439,429.0
440,429.0
441,429.0
442,759.0
443,750.0
444,750.0
445,750.0
446,750.0
447,750.0
448,627.0
449,225.0
450,166.0
451,166.0
452,166.0
453,166.0
454,166.0
455,166.0
456,166.0
457,166.0
458,269.0
459,269.0
460,269.0
461,269.0
462,269.0
463,269.0
464,247.0
465,247.0
466,247.0
467,300.0
468,300.0
469,300.0
470,547.0
471,571.0
472,571.0
473,571.0
474,571.0
475,571.0
476,616.0
477,158.0
478,100.0
479,100.0
480,100.0
481,100.0
482,100.0
483,100.0
484,100.0
485,100.0
486,202.0
487,202.0
488,202.0
489,202.0
490,202.0
491,202.0
492,180.0
493,180.0
494,180.0
495,233.0
496,233.0
497,233.0
498,522.0
499,560.0
500,560.0
501,560.0
502,560.0
503,560.0
504,623.0
505,197.0
506,138.0
507,138.0
508,138.0
509,138.0
510,138.0
511,138.0
512,138.0
513,138.0
514,241.0
515,241.0
516,241.0
517,241.0
518,241.0
519,241.0
520,218.0
521,218.0
522,218.0
523,272.0
524,272.0
525,272.0
526,544.0
527,567.0
528,567.0
529,567.0
530,567.0
531,567.0
532,726.0
533,233.0
534,175.0
535,175.0
536,175.0
537,175.0
538,175.0
539,175.0
540,175.0
541,277.0
542,277.0
543,277.0
544,277.0
545,277.0
546,277.0
547,277.0
548,255.0
549,255.0
550,255.0
551,308.0
552,308.0
553,308.0
554,647.0
555,670.0
556,670.0
557,670.0
558,670.0
559,670.0
560,591.0
561,165.0
562,107.0
563,107.0
564,107.0
565,107.0
566,107.0
567,107.0
568,107.0
569,209.0
570,209.0
571,209.0
572,209.0
573,209.0
574,209.0
575,209.0
576,187.0
577,187.0
578,187.0
579,240.0
580,240.0
581,240.0
582,498.0
583,535.0
584,535.0
585,535.0
586,535.0
587,535.0
588,535.0
589,150.0
590,92.0
591,92.0
592,92.0
593,92.0
594,92.0
595,92.0
596,92.0
597,92.0
598,194.0
599,194.0
600,194.0
601,194.0
602,194.0
603,194.0
604,172.0
605,172.0
606,172.0
607,225.0
608,225.0
609,225.0
610,442.0
611,479.0
612,479.0
613,479.0
614,479.0
615,479.0
616,542.0
617,184.0
618,126.0
619,126.0
620,126.0
621,126.0
622,126.0
623,126.0
624,126.0
625,228.0
626,228.0
627,228.0
628,228.0
629,228.0
630,228.0
631,228.0
632,206.0
633,206.0
634,206.0
635,259.0
636,259.0
637,259.0
638,449.0
639,486.0
640,486.0
641,486.0
642,486.0
643,486.0
644,801.0
645,321.0
646,263.0
647,263.0
648,263.0
649,263.0
650,263.0
651,263.0
652,263.0
653,263.0
654,365.0
655,365.0
656,365.0
657,365.0
658,365.0
659,365.0
660,343.0
661,343.0
662,343.0
663,396.0
664,396.0
665,396.0
666,748.0
667,744.0
668,744.0
669,744.0
670,744.0
671,744.0
672,713.0
673,155.0
674,97.0
675,97.0
676,97.0
677,97.0
678,97.0
679,97.0
680,97.0
681,97.0
682,199.0
683,199.0
684,199.0
685,199.0
686,199.0
687,199.0
688,177.0
689,177.0
690,177.0
691,230.0
692,230.0
693,230.0
694,619.0
695,657.0
696,657.0
697,657.0
698,657.0
699,657.0
700,817.0
701,352.0
702,293.0
703,293.0
704,293.0
705,293.0
706,293.0
707,293.0
708,293.0
709,396.0
710,396.0
711,396.0
712,396.0
713,396.0
714,396.0
715,396.0
716,373.0
717,373.0
718,373.0
719,427.0
720,427.0
721,427.0
722,764.0
723,761.0
724,761.0
725,761.0
726,761.0
727,761.0
728,707.0
729,156.0
730,97.0
731,97.0
732,97.0
733,97.0
734,97.0
735,97.0
736,97.0
737,97.0
738,200.0
739,200.0
740,200.0
741,200.0
742,200.0
743,200.0
744,177.0
745,177.0
746,177.0
747,231.0
748,231.0
749,231.0
750,610.0
751,651.0
752,651.0
753,651.0
754,651.0
755,651.0
756,750.0
757,236.0
758,178.0
759,178.0
760,178.0
761,178.0
762,178.0
763,178.0
764,178.0
765,178.0
766,280.0
767,280.0
768,280.0
769,280.0
770,280.0
771,280.0
772,258.0
773,258.0
774,258.0
775,311.0
776,311.0
777,311.0
778,691.0
779,693.0
780,693.0
781,693.0
782,693.0
783,693.0
784,827.0
785,314.0
786,256.0
787,256.0
788,256.0
789,256.0
790,256.0
791,256.0
792,256.0
793,358.0
794,358.0
795,358.0
796,358.0
797,358.0
798,358.0
799,358.0
800,336.0
801,336.0
802,336.0
803,389.0
804,389.0
805,389.0
806,768.0
807,771.0
808,771.0
809,771.0
810,771.0
811,771.0
812,545.0
813,170.0
814,111.0
815,111.0
816,111.0
817,111.0
818,111.0
819,111.0
820,111.0
821,214.0
822,214.0
823,214.0
824,214.0
825,214.0
826,214.0
827,214.0
828,191.0
829,191.0
830,191.0
831,245.0
832,245.0
833,245.0
834,454.0
835,489.0
836,489.0
837,489.0
838,489.0
839,489.0
840,545.0
841,170.0
842,111.0
843,111.0
844,111.0
845,111.0
846,111.0
847,111.0
848,111.0
849,214.0
850,214.0
851,214.0
852,214.0
853,214.0
854,214.0
855,214.0
856,191.0
857,191.0
858,191.0
859,245.0
860,245.0
861,245.0
862,454.0
863,489.0
864,489.0
865,489.0
866,489.0
867,489.0
868,695.0
869,220.0
870,161.0
871,161.0
872,161.0
873,161.0
874,161.0
875,161.0
876,161.0
877,161.0
878,264.0
879,264.0
880,264.0
881,264.0
882,264.0
883,264.0
884,242.0
885,242.0
886,242.0
887,295.0
888,295.0
889,295.0
890,603.0
891,638.0
892,638.0
893,638.0
894,638.0
895,638.0
896,868.0
897,360.0
898,280.0
899,280.0
900,280.0
901,280.0
902,280.0
903,280.0
904,280.0
905,384.0
906,384.0
907,384.0
908,384.0
909,384.0
910,384.0
911,384.0
912,343.0
913,343.0
914,343.0
915,397.0
916,397.0
917,397.0
918,778.0
919,812.0
920,812.0
921,812.0
922,812.0
923,812.0
924,868.0
925,360.0
926,280.0
927,280.0
928,280.0
929,280.0
930,280.0
931,280.0
932,280.0
933,384.0
934,384.0
935,384.0
936,384.0
937,384.0
938,384.0
939,384.0
940,343.0
941,343.0
942,343.0
943,397.0
944,397.0
945,397.0
946,778.0
947,812.0
948,812.0
949,812.0
950,812.0
951,812.0
952,868.0
953,274.0
954,194.0
955,194.0
956,194.0
957,194.0
958,194.0
959,194.0
960,194.0
961,194.0
962,298.0
963,298.0
964,298.0
965,298.0
966,298.0
967,298.0
968,257.0
969,257.0
970,257.0
971,311.0
972,311.0
973,311.0
974,748.0
975,812.0
976,812.0
977,812.0
978,812.0
979,812.0
980,868.0
981,299.0
982,219.0
983,219.0
984,219.0
985,219.0
986,219.0
987,219.0
988,219.0
989,323.0
990,323.0
991,323.0
992,323.0
993,323.0
994,323.0
995,323.0
996,282.0
997,282.0
998,282.0
999,336.0
1000,336.0
1001,336.0
1002,748.0
1003,812.0
1004,812.0
1005,812.0
1006,812.0
1007,812.0
1008,868.0
1009,299.0
1010,219.0
1011,219.0
1012,219.0
1013,219.0
1014,219.0
1015,219.0
1016,219.0
1017,323.0
1018,323.0
1019,323.0
1020,323.0
1021,323.0
1022,323.0
1023,323.0
1024,282.0
1025,282.0
1026,282.0
1027,336.0
1028,336.0
1029,336.0
1030,748.0
1031,812.0
1032,812.0
1033,812.0
1034,812.0
1035,812.0
1036,868.0
1037,299.0
1038,219.0
1039,219.0
1040,219.0
1041,219.0
1042,219.0
1043,219.0
1044,219.0
1045,323.0
1046,323.0
1047,323.0
1048,323.0
1049,323.0
1050,323.0
1051,323.0
1052,282.0
1053,282.0
1054,282.0
1055,336.0
1056,336.0
1057,336.0
1058,748.0
1059,812.0
1060,812.0
1061,812.0
1062,812.0
1063,812.0
1064,868.0
1065,299.0
1066,219.0
1067,219.0
1068,219.0
1069,219.0
1070,219.0
1071,219.0
1072,219.0
1073,323.0
1074,323.0
1075,323.0
1076,323.0
1077,323.0
1078,323.0
1079,323.0
1080,282.0
1081,282.0
1082,282.0
1083,336.0
1084,336.0
1085,336.0
1086,748.0
1087,812.0
1088,812.0
1089,812.0
1090,812.0
1091,812.0
1092,868.0
1093,299.0
1094,219.0
1095,219.0
1096,219.0
1097,219.0
1098,219.0
1099,219.0
1100,219.0
1101,323.0
1102,323.0
1103,323.0
1104,323.0
1105,323.0
1106,323.0
1107,323.0
1108,282.0
1109,282.0
1110,282.0
1111,336.0
1112,336.0
1113,336.0
1114,748.0
1115,812.0
1116,812.0
1117,812.0
1118,812.0
1119,812.0
1120,820.0
1121,222.0
1122,143.0
1123,143.0
1124,143.0
1125,143.0
1126,143.0
1127,143.0
1128,143.0
1129,143.0
1130,246.0
1131,246.0
1132,246.0
1133,246.0
1134,246.0
1135,246.0
1136,206.0
1137,206.0
1138,206.0
1139,259.0
1140,259.0
1141,259.0
1142,700.0
1143,764.0
1144,764.0
1145,764.0
1146,764.0
1147,764.0
1148,868.0
1149,285.0
1150,206.0
1151,206.0
1152,206.0
1153,206.0
1154,206.0
1155,206.0
1156,206.0
1157,206.0
1158,309.0
1159,309.0
1160,309.0
1161,309.0
1162,309.0
1163,309.0
1164,269.0
1165,269.0
1166,269.0
1167,322.0
1168,322.0
1169,322.0
1170,747.0
1171,811.0
1172,811.0
1173,811.0
1174,811.0
1175,811.0
1176,868.0
1177,285.0
1178,206.0
1179,206.0
1180,206.0
1181,206.0
1182,206.0
1183,206.0
1184,206.0
1185,206.0
1186,309.0
1187,309.0
1188,309.0
1189,309.0
1190,309.0
1191,309.0
1192,269.0
1193,269.0
1194,269.0
1195,322.0
1196,322.0
1197,322.0
1198,747.0
1199,811.0
1200,811.0
1201,811.0
1202,811.0
1203,811.0
1204,825.0
1205,243.0
1206,163.0
1207,163.0
1208,163.0
1209,163.0
1210,163.0
1211,163.0
1212,163.0
1213,267.0
1214,267.0
1215,267.0
1216,267.0
1217,267.0
1218,267.0
1219,267.0
1220,227.0
1221,227.0
1222,227.0
1223,280.0
1224,280.0
1225,280.0
1226,705.0
1227,769.0
1228,769.0
1229,769.0
1230,769.0
1231,769.0
1232,894.0
1233,332.0
1234,253.0
1235,253.0
1236,253.0
1237,253.0
1238,253.0
1239,253.0
1240,253.0
1241,253.0
1242,356.0
1243,356.0
1244,356.0
1245,356.0
1246,356.0
1247,356.0
1248,316.0
1249,316.0
1250,316.0
1251,369.0
1252,369.0
1253,369.0
1254,773.0
1255,837.0
1256,837.0
1257,837.0
1258,837.0
1259,837.0
1260,894.0
1261,332.0
1262,253.0
1263,253.0
1264,253.0
1265,253.0
1266,253.0
1267,253.0
1268,253.0
1269,356.0
1270,356.0
1271,356.0
1272,356.0
1273,356.0
1274,356.0
1275,356.0
1276,316.0
1277,316.0
1278,316.0
1279,369.0
1280,369.0
1281,369.0
1282,773.0
1283,837.0
1284,837.0
1285,837.0
1286,837.0
1287,837.0
1288,894.0
1289,332.0
1290,253.0
1291,253.0
1292,253.0
1293,253.0
1294,253.0
1295,253.0
1296,253.0
1297,356.0
1298,356.0
1299,356.0
1300,356.0
1301,356.0
1302,356.0
1303,356.0
1304,316.0
1305,316.0
1306,316.0
1307,369.0
1308,369.0
1309,369.0
1310,773.0
1311,837.0
1312,837.0
1313,837.0
1314,837.0
1315,837.0
1316,894.0
1317,332.0
1318,253.0
1319,253.0
1320,253.0
1321,253.0
1322,253.0
1323,253.0
1324,253.0
1325,253.0
1326,356.0
1327,356.0
1328,356.0
1329,356.0
1330,356.0
1331,356.0
1332,316.0
1333,316.0
1334,316.0
1335,369.0
1336,369.0
1337,369.0
1338,773.0
1339,837.0
1340,837.0
1341,837.0
1342,837.0
1343,837.0
1344,517.0
1345,166.0
1346,106.0
1347,106.0
1348,106.0
1349,106.0
1350,106.0
1351,106.0
1352,106.0
1353,190.0
1354,190.0
1355,190.0
1356,190.0
1357,190.0
1358,190.0
1359,190.0
1360,169.0
1361,169.0
1362,169.0
1363,222.0
1364,222.0
1365,222.0
1366,466.0
1367,461.0
1368,461.0
1369,461.0
1370,461.0
1371,461.0
1372,517.0
1373,144.0
1374,76.0
1375,76.0
1376,76.0
1377,76.0
1378,76.0
1379,76.0
1380,76.0
1381,160.0
1382,160.0
1383,160.0
1384,160.0
1385,160.0
1386,160.0
1387,160.0
1388,139.0
1389,139.0
1390,139.0
1391,192.0
1392,192.0
1393,192.0
1394,466.0
1395,461.0
1396,461.0
1397,461.0
1398,461.0
1399,461.0
1400,968.0
1401,484.0
1402,420.0
1403,420.0
1404,420.0
1405,420.0
1406,420.0
1407,420.0
1408,420.0
1409,420.0
1410,518.0
1411,518.0
1412,518.0
1413,518.0
1414,518.0
1415,518.0
1416,483.0
1417,483.0
1418,483.0
1419,536.0
1420,536.0
1421,536.0
1422,922.0
1423,912.0
1424,912.0
1425,912.0
1426,912.0
1427,912.0
1428,647.0
1429,257.0
1430,193.0
1431,193.0
1432,193.0
1433,193.0
1434,193.0
1435,193.0
1436,193.0
1437,193.0
1438,292.0
1439,292.0
1440,292.0
1441,292.0
1442,292.0
1443,292.0
1444,256.0
1445,256.0
1446,256.0
1447,309.0
1448,309.0
1449,309.0
1450,600.0
1451,590.0
1452,590.0
1453,590.0
1454,590.0
1455,590.0
1456,647.0
1457,224.0
1458,140.0
1459,140.0
1460,140.0
1461,140.0
1462,140.0
1463,140.0
1464,140.0
1465,239.0
1466,239.0
1467,239.0
1468,239.0
1469,239.0
1470,239.0
1471,239.0
1472,203.0
1473,203.0
1474,203.0
1475,256.0
1476,256.0
1477,256.0
1478,568.0
1479,590.0
1480,590.0
1481,590.0
1482,590.0
1483,590.0
1484,647.0
1485,224.0
1486,157.0
1487,157.0
1488,157.0
1489,157.0
1490,157.0
1491,157.0
1492,157.0
1493,255.0
1494,255.0
1495,255.0
1496,255.0
1497,255.0
1498,255.0
1499,255.0
1500,220.0
1501,220.0
1502,220.0
1503,273.0
1504,273.0
1505,273.0
1506,568.0
1507,590.0
1508,590.0
1509,590.0
1510,590.0
1511,590.0
1512,647.0
1513,224.0
1514,157.0
1515,157.0
1516,157.0
1517,157.0
1518,157.0
1519,157.0
1520,157.0
1521,157.0
1522,255.0
1523,255.0
1524,255.0
1525,255.0
1526,255.0
1527,255.0
1528,220.0
1529,220.0
1530,220.0
1531,273.0
1532,273.0
1533,273.0
1534,568.0
1535,590.0
1536,590.0
1537,590.0
1538,590.0
1539,590.0
1540,615.0
1541,184.0
1542,130.0
1543,130.0
1544,130.0
1545,130.0
1546,130.0
1547,130.0
1548,130.0
1549,130.0
1550,229.0
1551,229.0
1552,229.0
1553,229.0
1554,229.0
1555,229.0
1556,193.0
1557,193.0
1558,193.0
1559,246.0
1560,246.0
1561,246.0
1562,536.0
1563,559.0
1564,559.0
1565,559.0
1566,559.0
1567,559.0
1568,625.0
1569,201.0
1570,147.0
1571,147.0
1572,147.0
1573,147.0
1574,147.0
1575,147.0
1576,147.0
1577,147.0
1578,246.0
1579,246.0
1580,246.0
1581,246.0
1582,246.0
1583,246.0
1584,210.0
1585,210.0
1586,210.0
1587,263.0
1588,263.0
1589,263.0
1590,546.0
1591,569.0
1592,569.0
1593,569.0
1594,569.0
1595,569.0
1596,684.0
1597,325.0
1598,271.0
1599,271.0
1600,271.0
1601,271.0
1602,271.0
1603,271.0
1604,271.0
1605,271.0
1606,369.0
1607,369.0
1608,369.0
1609,369.0
1610,369.0
1611,369.0
1612,334.0
1613,334.0
1614,334.0
1615,387.0
1616,387.0
1617,387.0
1618,630.0
1619,628.0
1620,628.0
1621,628.0
1622,628.0
1623,628.0
1624,684.0
1625,325.0
1626,271.0
1627,271.0
1628,271.0
1629,271.0
1630,271.0
1631,271.0
1632,271.0
1633,369.0
1634,369.0
1635,369.0
1636,369.0
1637,369.0
1638,369.0
1639,369.0
1640,334.0
1641,334.0
1642,334.0
1643,387.0
1644,387.0
1645,387.0
1646,630.0
1647,628.0
1648,628.0
1649,628.0
1650,628.0
1651,628.0
1652,529.0
1653,134.0
1654,104.0
1655,104.0
1656,104.0
1657,104.0
1658,104.0
1659,104.0
1660,104.0
1661,191.0
1662,191.0
1663,191.0
1664,191.0
1665,191.0
1666,191.0
1667,191.0
1668,152.0
1669,152.0
1670,152.0
1671,206.0
1672,206.0
1673,206.0
1674,427.0
1675,472.0
1676,472.0
1677,472.0
1678,472.0
1679,472.0
1680,529.0
1681,140.0
1682,110.0
1683,110.0
1684,110.0
1685,110.0
1686,110.0
1687,110.0
1688,110.0
1689,197.0
1690,197.0
1691,197.0
1692,197.0
1693,197.0
1694,197.0
1695,197.0
1696,158.0
1697,158.0
1698,158.0
1699,212.0
1700,212.0
1701,212.0
1702,427.0
1703,472.0
1704,472.0
1705,472.0
1706,472.0
1707,472.0
1708,529.0
1709,140.0
1710,110.0
1711,110.0
1712,110.0
1713,110.0
1714,110.0
1715,110.0
1716,110.0
1717,110.0
1718,197.0
1719,197.0
1720,197.0
1721,197.0
1722,197.0
1723,197.0
1724,158.0
1725,158.0
1726,158.0
1727,212.0
1728,212.0
1729,212.0
1730,427.0
1731,472.0
1732,472.0
1733,472.0
1734,472.0
1735,472.0
1736,529.0
1737,140.0
1738,110.0
1739,110.0
1740,110.0
1741,110.0
1742,110.0
1743,110.0
1744,110.0
1745,197.0
1746,197.0
1747,197.0
1748,197.0
1749,197.0
1750,197.0
1751,197.0
1752,158.0
1753,158.0
1754,158.0
1755,212.0
1756,212.0
1757,212.0
1758,427.0
1759,472.0
1760,472.0
1761,472.0
1762,472.0
1763,472.0
1764,529.0
1765,136.0
1766,106.0
1767,106.0
1768,106.0
1769,106.0
1770,106.0
1771,106.0
1772,106.0
1773,106.0
1774,194.0
1775,194.0
1776,194.0
1777,194.0
1778,194.0
1779,194.0
1780,155.0
1781,155.0
1782,155.0
1783,208.0
1784,208.0
1785,208.0
1786,427.0
1787,472.0
1788,472.0
1789,472.0
1790,472.0
1791,472.0
1792,542.0
1793,149.0
1794,108.0
1795,108.0
1796,108.0
1797,108.0
1798,108.0
1799,108.0
1800,108.0
1801,108.0
1802,196.0
1803,196.0
1804,196.0
1805,196.0
1806,196.0
1807,196.0
1808,157.0
1809,157.0
1810,157.0
1811,210.0
1812,210.0
1813,210.0
1814,440.0
1815,485.0
1816,485.0
1817,485.0
1818,485.0
1819,485.0
1820,542.0
1821,149.0
1822,108.0
1823,108.0
1824,108.0
1825,108.0
1826,108.0
1827,108.0
1828,108.0
1829,108.0
1830,196.0
1831,196.0
1832,196.0
1833,196.0
1834,196.0
1835,196.0
1836,157.0
1837,157.0
1838,157.0
1839,210.0
1840,210.0
1841,210.0
1842,440.0
1843,485.0
1844,485.0
1845,485.0
1846,485.0
1847,485.0
1848,573.0
1849,213.0
1850,172.0
1851,172.0
1852,172.0
1853,172.0
1854,172.0
1855,172.0
1856,172.0
1857,259.0
1858,259.0
1859,259.0
1860,259.0
1861,259.0
1862,259.0
1863,259.0
1864,220.0
1865,220.0
1866,220.0
1867,274.0
1868,274.0
1869,274.0
1870,472.0
1871,517.0
1872,517.0
1873,517.0
1874,517.0
1875,517.0
1876,573.0
1877,213.0
1878,172.0
1879,172.0
1880,172.0
1881,172.0
1882,172.0
1883,172.0
1884,172.0
1885,259.0
1886,259.0
1887,259.0
1888,259.0
1889,259.0
1890,259.0
1891,259.0
1892,220.0
1893,220.0
1894,220.0
1895,274.0
1896,274.0
1897,274.0
1898,472.0
1899,517.0
1900,517.0
1901,517.0
1902,517.0
1903,517.0
1904,546.0
1905,167.0
1906,125.0
1907,125.0
1908,125.0
1909,125.0
1910,125.0
1911,125.0
1912,125.0
1913,213.0
1914,213.0
1915,213.0
1916,213.0
1917,213.0
1918,213.0
1919,213.0
1920,174.0
1921,174.0
1922,174.0
1923,227.0
1924,227.0
1925,227.0
1926,444.0
1927,490.0
1928,490.0
1929,490.0
1930,490.0
1931,490.0
1932,546.0
1933,167.0
1934,125.0
1935,125.0
1936,125.0
1937,125.0
1938,125.0
1939,125.0
1940,125.0
1941,213.0
1942,213.0
1943,213.0
1944,213.0
1945,213.0
1946,213.0
1947,213.0
1948,174.0
1949,174.0
1950,174.0
1951,227.0
1952,227.0
1953,227.0
1954,444.0
1955,490.0
1956,490.0
1957,490.0
1958,490.0
1959,490.0
1960,546.0
1961,167.0
1962,125.0
1963,125.0
1964,125.0
1965,125.0
1966,125.0
1967,125.0
1968,125.0
1969,125.0
1970,213.0
1971,213.0
1972,213.0
1973,213.0
1974,213.0
1975,213.0
1976,174.0
1977,174.0
1978,174.0
1979,227.0
1980,227.0
1981,227.0
1982,444.0
1983,490.0
1984,490.0
1985,490.0
1986,490.0
1987,490.0
1988,554.0
1989,183.0
1990,141.0
1991,141.0
1992,141.0
1993,141.0
1994,141.0
1995,141.0
1996,141.0
1997,141.0
1998,229.0
1999,229.0
2000,229.0
2001,229.0
2002,229.0
2003,229.0
2004,190.0
2005,190.0
2006,190.0
2007,243.0
2008,243.0
2009,243.0
2010,453.0
2011,498.0
2012,498.0
2013,498.0
2014,498.0
2015,498.0
2016,475.0
2017,129.0
2018,114.0
2019,114.0
2020,114.0
2021,114.0
2022,114.0
2023,114.0
2024,114.0
2025,189.0
2026,189.0
2027,189.0
2028,189.0
2029,189.0
2030,189.0
2031,189.0
2032,136.0
2033,136.0
2034,136.0
2035,174.0
2036,174.0
2037,174.0
2038,397.0
2039,419.0
2040,419.0
2041,419.0
2042,419.0
2043,419.0
2044,468.0
2045,92.0
2046,77.0
2047,77.0
2048,77.0
2049,77.0
2050,77.0
2051,77.0
2052,77.0
2053,152.0
2054,152.0
2055,152.0
2056,152.0
2057,152.0
2058,152.0
2059,152.0
2060,99.0
2061,99.0
2062,99.0
2063,137.0
2064,137.0
2065,137.0
2066,390.0
2067,412.0
2068,412.0
2069,412.0
2070,412.0
2071,412.0
2072,472.0
2073,96.0
2074,80.0
2075,80.0
2076,80.0
2077,80.0
2078,80.0
2079,80.0
2080,80.0
2081,80.0
2082,155.0
2083,155.0
2084,155.0
2085,155.0
2086,155.0
2087,155.0
2088,103.0
2089,103.0
2090,103.0
2091,140.0
2092,140.0
2093,140.0
2094,393.0
2095,415.0
2096,415.0
2097,415.0
2098,415.0
2099,415.0
2100,472.0
2101,96.0
2102,80.0
2103,80.0
2104,80.0
2105,80.0
2106,80.0
2107,80.0
2108,80.0
2109,80.0
2110,155.0
2111,155.0
2112,155.0
2113,155.0
2114,155.0
2115,155.0
2116,103.0
2117,103.0
2118,103.0
2119,140.0
2120,140.0
2121,140.0
2122,393.0
2123,415.0
2124,415.0
2125,415.0
2126,415.0
2127,415.0
2128,472.0
2129,115.0
2130,99.0
2131,99.0
2132,99.0
2133,99.0
2134,99.0
2135,99.0
2136,99.0
2137,99.0
2138,174.0
2139,174.0
2140,174.0
2141,174.0
2142,174.0
2143,174.0
2144,121.0
2145,121.0
2146,121.0
2147,159.0
2148,159.0
2149,159.0
2150,393.0
2151,415.0
2152,415.0
2153,415.0
2154,415.0
2155,415.0
2156,516.0
2157,191.0
2158,176.0
2159,176.0
2160,176.0
2161,176.0
2162,176.0
2163,176.0
2164,176.0
2165,251.0
2166,251.0
2167,251.0
2168,251.0
2169,251.0
2170,251.0
2171,251.0
2172,198.0
2173,198.0
2174,198.0
2175,236.0
2176,236.0
2177,236.0
2178,438.0
2179,460.0
2180,460.0
2181,460.0
2182,460.0
2183,460.0
2184,516.0
2185,191.0
2186,176.0
2187,176.0
2188,176.0
2189,176.0
2190,176.0
2191,176.0
2192,176.0
2193,251.0
2194,251.0
2195,251.0
2196,251.0
2197,251.0
2198,251.0
2199,251.0
2200,198.0
2201,198.0
2202,198.0
2203,236.0
2204,236.0
2205,236.0
2206,438.0
2207,460.0
2208,460.0
2209,460.0
2210,460.0
2211,460.0
2212,516.0
2213,191.0
2214,176.0
2215,176.0
2216,176.0
2217,176.0
2218,176.0
2219,176.0
2220,176.0
2221,251.0
2222,251.0
2223,251.0
2224,251.0
2225,251.0
2226,251.0
2227,251.0
2228,198.0
2229,198.0
2230,198.0
2231,236.0
2232,236.0
2233,236.0
2234,438.0
2235,460.0
2236,460.0
2237,460.0
2238,460.0
2239,460.0
2240,468.0
2241,98.0
2242,82.0
2243,82.0
2244,82.0
2245,82.0
2246,82.0
2247,82.0
2248,82.0
2249,82.0
2250,157.0
2251,157.0
2252,157.0
2253,157.0
2254,157.0
2255,157.0
2256,104.0
2257,104.0
2258,104.0
2259,142.0
2260,142.0
2261,142.0
2262,390.0
2263,412.0
2264,412.0
2265,412.0
2266,412.0
2267,412.0
2268,468.0
2269,98.0
2270,82.0
2271,82.0
2272,82.0
2273,82.0
2274,82.0
2275,82.0
2276,82.0
2277,157.0
2278,157.0
2279,157.0
2280,157.0
2281,157.0
2282,157.0
2283,157.0
2284,104.0
2285,104.0
2286,104.0
2287,142.0
2288,142.0
2289,142.0
2290,390.0
2291,412.0
2292,412.0
2293,412.0
2294,412.0
2295,412.0
2296,488.0
2297,128.0
2298,113.0
2299,113.0
2300,113.0
2301,113.0
2302,113.0
2303,113.0
2304,113.0
2305,113.0
2306,187.0
2307,187.0
2308,187.0
2309,187.0
2310,187.0
2311,187.0
2312,135.0
2313,135.0
2314,135.0
2315,172.0
2316,172.0
2317,172.0
2318,410.0
2319,432.0
2320,432.0
2321,432.0
2322,432.0
2323,432.0
2324,488.0
2325,118.0
2326,103.0
2327,103.0
2328,103.0
2329,103.0
2330,103.0
2331,103.0
2332,103.0
2333,177.0
2334,177.0
2335,177.0
2336,177.0
2337,177.0
2338,177.0
2339,177.0
2340,125.0
2341,125.0
2342,125.0
2343,163.0
2344,163.0
2345,163.0
2346,410.0
2347,432.0
2348,432.0
2349,432.0
2350,432.0
2351,432.0
2352,467.0
2353,97.0
2354,82.0
2355,82.0
2356,82.0
2357,82.0
2358,82.0
2359,82.0
2360,82.0
2361,156.0
2362,156.0
2363,156.0
2364,156.0
2365,156.0
2366,156.0
2367,156.0
2368,104.0
2369,104.0
2370,104.0
2371,142.0
2372,142.0
2373,142.0
2374,389.0
2375,411.0
2376,411.0
2377,411.0
2378,411.0
2379,411.0
2380,467.0
2381,97.0
2382,82.0
2383,82.0
2384,82.0
2385,82.0
2386,82.0
2387,82.0
2388,82.0
2389,82.0
2390,156.0
2391,156.0
2392,156.0
2393,156.0
2394,156.0
2395,156.0
2396,104.0
2397,104.0
2398,104.0
2399,142.0
2400,142.0
2401,142.0
2402,389.0
2403,411.0
2404,411.0
2405,411.0
2406,411.0
2407,411.0
2408,515.0
2409,152.0
2410,137.0
2411,137.0
2412,137.0
2413,137.0
2414,137.0
2415,137.0
2416,137.0
2417,211.0
2418,211.0
2419,211.0
2420,211.0
2421,211.0
2422,211.0
2423,211.0
2424,159.0
2425,159.0
2426,159.0
2427,196.0
2428,196.0
2429,196.0
2430,437.0
2431,459.0
2432,459.0
2433,459.0
2434,459.0
2435,459.0
2436,515.0
2437,152.0
2438,137.0
2439,137.0
2440,137.0
2441,137.0
2442,137.0
2443,137.0
2444,137.0
2445,211.0
2446,211.0
2447,211.0
2448,211.0
2449,211.0
2450,211.0
2451,211.0
2452,159.0
2453,159.0
2454,159.0
2455,196.0
2456,196.0
2457,196.0
2458,437.0
2459,459.0
2460,459.0
2461,459.0
2462,459.0
2463,459.0
2464,515.0
2465,152.0
2466,137.0
2467,137.0
2468,137.0
2469,137.0
2470,137.0
2471,137.0
2472,137.0
2473,211.0
2474,211.0
2475,211.0
2476,211.0
2477,211.0
2478,211.0
2479,211.0
2480,159.0
2481,159.0
2482,159.0
2483,196.0
2484,196.0
2485,196.0
2486,437.0
2487,459.0
2488,459.0
2489,459.0
2490,459.0
2491,459.0
2492,515.0
2493,152.0
2494,137.0
2495,137.0
2496,137.0
2497,137.0
2498,137.0
2499,137.0
2500,137.0
2501,211.0
2502,211.0
2503,211.0
2504,211.0
2505,211.0
2506,211.0
2507,211.0
2508,159.0
2509,159.0
2510,159.0
2511,196.0
2512,196.0
2513,196.0
2514,437.0
2515,459.0
2516,459.0
2517,459.0
2518,459.0
2519,459.0
2520,515.0
2521,145.0
2522,129.0
2523,129.0
2524,129.0
2525,129.0
2526,129.0
2527,129.0
2528,129.0
2529,204.0
2530,204.0
2531,204.0
2532,204.0
2533,204.0
2534,204.0
2535,204.0
2536,152.0
2537,152.0
2538,152.0
2539,189.0
2540,189.0
2541,189.0
2542,437.0
2543,459.0
2544,459.0
2545,459.0
2546,459.0
2547,459.0
2548,508.0
2549,138.0
2550,123.0
2551,123.0
2552,123.0
2553,123.0
2554,123.0
2555,123.0
2556,123.0
2557,198.0
2558,198.0
2559,198.0
2560,198.0
2561,198.0
2562,198.0
2563,198.0
2564,145.0
2565,145.0
2566,145.0
2567,183.0
2568,183.0
2569,183.0
2570,430.0
2571,452.0
2572,452.0
2573,452.0
2574,452.0
2575,452.0
2576,508.0
2577,138.0
2578,123.0
2579,123.0
2580,123.0
2581,123.0
2582,123.0
2583,123.0
2584,123.0
2585,198.0
2586,198.0
2587,198.0
2588,198.0
2589,198.0
2590,198.0
2591,198.0
2592,145.0
2593,145.0
2594,145.0
2595,183.0
2596,183.0
2597,183.0
2598,430.0
2599,452.0
2600,452.0
2601,452.0
2602,452.0
2603,452.0
2604,508.0
2605,138.0
2606,123.0
2607,123.0
2608,123.0
2609,123.0
2610,123.0
2611,123.0
2612,123.0
2613,198.0
2614,198.0
2615,198.0
2616,198.0
2617,198.0
2618,198.0
2619,198.0
2620,145.0
2621,145.0
2622,145.0
2623,183.0
2624,183.0
2625,183.0
2626,430.0
2627,452.0
2628,452.0
2629,452.0
2630,452.0
2631,452.0
2632,508.0
2633,138.0
2634,123.0
2635,123.0
2636,123.0
2637,123.0
2638,123.0
2639,123.0
2640,123.0
2641,198.0
2642,198.0
2643,198.0
2644,198.0
2645,198.0
2646,198.0
2647,198.0
2648,145.0
2649,145.0
2650,145.0
2651,183.0
2652,183.0
2653,183.0
2654,430.0
2655,452.0
2656,452.0
2657,452.0
2658,452.0
2659,452.0
2660,508.0
2661,138.0
2662,123.0
2663,123.0
2664,123.0
2665,123.0
2666,123.0
2667,123.0
2668,123.0
2669,123.0
2670,198.0
2671,198.0
2672,198.0
2673,198.0
2674,198.0
2675,198.0
2676,145.0
2677,145.0
2678,145.0
2679,183.0
2680,183.0
2681,183.0
2682,430.0
2683,452.0
2684,452.0
2685,452.0
2686,452.0
2687,452.0
2688,508.0
2689,138.0
2690,123.0
2691,123.0
2692,123.0
2693,123.0
2694,123.0
2695,123.0
2696,123.0
2697,198.0
2698,198.0
2699,198.0
2700,198.0
2701,198.0
2702,198.0
2703,198.0
2704,145.0
2705,145.0
2706,145.0
2707,183.0
2708,183.0
2709,183.0
2710,430.0
2711,452.0
2712,452.0
2713,452.0
2714,452.0
2715,452.0
2716,508.0
2717,138.0
2718,123.0
2719,123.0
2720,123.0
2721,123.0
2722,123.0
2723,123.0
2724,123.0
2725,198.0
2726,198.0
2727,198.0
2728,198.0
2729,198.0
2730,198.0
2731,198.0
2732,145.0
2733,145.0
2734,145.0
2735,183.0
2736,183.0
2737,183.0
2738,430.0
2739,452.0
2740,452.0
2741,452.0
2742,452.0
2743,452.0
2744,508.0
2745,138.0
2746,123.0
2747,123.0
2748,123.0
2749,123.0
2750,123.0
2751,123.0
2752,123.0
2753,198.0
2754,198.0
2755,198.0
2756,198.0
2757,198.0
2758,198.0
2759,198.0
2760,145.0
2761,145.0
2762,145.0
2763,183.0
2764,183.0
2765,183.0
2766,430.0
2767,452.0
2768,452.0
2769,452.0
2770,452.0
2771,452.0
2772,492.0
2773,107.0
2774,92.0
2775,92.0
2776,92.0
2777,92.0
2778,92.0
2779,92.0
2780,92.0
2781,166.0
2782,166.0
2783,166.0
2784,166.0
2785,166.0
2786,166.0
2787,166.0
2788,114.0
2789,114.0
2790,114.0
2791,151.0
2792,151.0
2793,151.0
2794,414.0
2795,436.0
2796,436.0
2797,436.0
2798,436.0
2799,436.0
2800,92.0
2801,92.0
2802,92.0
2803,92.0
2804,92.0
2805,166.0
2806,166.0
2807,166.0
2808,166.0
2809,166.0
2810,166.0
2811,166.0
2812,114.0
2813,114.0
2814,114.0
2815,151.0
2816,151.0
2817,151.0
2818,414.0
2819,436.0
2820,436.0
2821,436.0
2822,436.0
2823,436.0
2824,92.0
2825,166.0
2826,166.0
2827,166.0
2828,166.0
2829,166.0
2830,166.0
2831,166.0
2832,114.0
2833,114.0
2834,114.0
2835,151.0
2836,151.0
2837,151.0
2838,414.0
2839,436.0
2840,436.0
2841,436.0
2842,436.0
2843,436.0
2844,76.0
2845,76.0
2846,76.0
2847,76.0
2848,76.0
2849,151.0
2850,151.0
2851,151.0
2852,151.0
2853,151.0
2854,151.0
2855,151.0
2856,98.0
2857,98.0
2858,98.0
2859,136.0
2860,136.0
2861,136.0
2862,414.0
2863,436.0
2864,436.0
2865,436.0
2866,436.0
2867,436.0
2868,492.0
2869,91.0
2870,76.0
2871,76.0
2872,76.0
2873,76.0
2874,76.0
2875,76.0
2876,76.0
2877,151.0
2878,151.0
2879,151.0
2880,151.0
2881,151.0
2882,151.0
2883,151.0
2884,98.0
2885,98.0
2886,98.0
2887,136.0
2888,136.0
2889,136.0
2890,414.0
2891,436.0
2892,436.0
2893,436.0
2894,436.0
2895,436.0
2896,484.0
2897,84.0
2898,68.0
2899,68.0
2900,68.0
2901,68.0
2902,68.0
2903,68.0
2904,68.0
2905,143.0
2906,143.0
2907,143.0
2908,143.0
2909,143.0
2910,143.0
2911,143.0
2912,90.0
2913,90.0
2914,90.0
2915,128.0
2916,128.0
2917,128.0
2918,406.0
2919,428.0
2920,428.0
2921,428.0
2922,428.0
2923,428.0
2924,484.0
2925,84.0
2926,68.0
2927,68.0
2928,68.0
2929,68.0
2930,68.0
2931,68.0
2932,68.0
2933,143.0
2934,143.0
2935,143.0
2936,143.0
2937,143.0
2938,143.0
2939,143.0
2940,90.0
2941,90.0
2942,90.0
2943,128.0
2944,128.0
2945,128.0
2946,406.0
2947,428.0
2948,428.0
2949,428.0
2950,428.0
2951,428.0
2952,90.0
2953,128.0
2954,128.0
2955,128.0
2956,406.0
2957,428.0
2958,428.0
2959,428.0
2960,428.0
2961,428.0
2962,428.0
2963,428.0
2964,428.0
2965,90.0
2966,128.0
2967,128.0
2968,128.0
2969,406.0
2970,428.0
2971,428.0
2972,428.0
2973,428.0
2974,428.0
2975,90.0
2976,128.0
2977,128.0
2978,128.0
2979,406.0
2980,428.0
2981,428.0
2982,428.0
2983,428.0
2984,428.0
2985,3.0
2986,3.0
2987,3.0
2988,3.0
2989,3.0
2990,3.0
2991,3.0
2992,3.0
2993,3.0
2994,3.0
2995,3.0
2996,3.0
2997,3.0
2998,3.0
2999,3.0
3000,76.0
3001,76.0
3002,76.0
3003,76.0
3004,76.0
3005,76.0
3006,76.0
3007,6.0
3008,6.0
3009,6.0
3010,6.0
3011,6.0
3012,6.0
3013,3.0
3014,3.0
3015,3.0
3016,3.0
3017,3.0
3018,3.0
3019,3.0
3020,3.0
3021,3.0
3022,3.0
3023,3.0
3024,3.0
3025,3.0
3026,3.0
3027,3.0
3028,76.0
3029,76.0
3030,76.0
3031,76.0
3032,76.0
3033,76.0
3034,76.0
3035,6.0
3036,6.0
3037,6.0
3038,6.0
3039,6.0
3040,6.0
3041,3.0
3042,3.0
3043,3.0
3044,3.0
3045,3.0
3046,3.0
3047,3.0
3048,3.0
3049,3.0
3050,3.0
3051,3.0
3052,3.0
3053,3.0
3054,3.0
3055,3.0
3056,76.0
3057,76.0
3058,76.0
3059,76.0
3060,76.0
3061,76.0
3062,76.0
3063,6.0
3064,6.0
3065,6.0
3066,6.0
3067,6.0
3068,6.0
3069,3.0
3070,3.0
3071,3.0
3072,3.0
3073,3.0
3074,3.0
3075,3.0
3076,3.0
3077,3.0
3078,3.0
3079,3.0
3080,3.0
3081,3.0
3082,3.0
3083,3.0
3084,76.0
3085,76.0
3086,76.0
3087,76.0
3088,76.0
3089,76.0
3090,76.0
3091,2.0
3092,2.0
3093,2.0
3094,2.0
3095,2.0
3096,2.0
3097,3.0
3098,3.0
3099,3.0
3100,3.0
3101,3.0
3102,3.0
3103,3.0
3104,3.0
3105,3.0
3106,3.0
3107,3.0
3108,3.0
3109,3.0
3110,3.0
3111,3.0
3112,76.0
3113,76.0
3114,76.0
3115,76.0
3116,76.0
3117,76.0
3118,76.0
3119,2.0
3120,2.0
3121,2.0
3122,2.0
3123,2.0
3124,2.0
3125,4.0
3126,4.0
3127,4.0
3128,4.0
3129,4.0
3130,4.0
3131,4.0
3132,4.0
3133,4.0
3134,4.0
3135,4.0
3136,4.0
3137,4.0
3138,4.0
3139,4.0
3140,76.0
3141,76.0
3142,76.0
3143,76.0
3144,76.0
3145,76.0
3146,76.0
3147,6.0
3148,6.0
3149,6.0
3150,6.0
3151,6.0
3152,6.0
3153,3.0
3154,3.0
3155,3.0
3156,3.0
3157,3.0
3158,3.0
3159,3.0
3160,3.0
3161,3.0
3162,3.0
3163,3.0
3164,3.0
3165,3.0
3166,3.0
3167,3.0
3168,60.0
3169,60.0
3170,60.0
3171,60.0
3172,60.0
3173,60.0
3174,60.0
3175,2.0
3176,2.0
3177,2.0
3178,2.0
3179,2.0
3180,2.0
3181,5.0
3182,5.0
3183,5.0
3184,5.0
3185,5.0
3186,5.0
3187,5.0
3188,5.0
3189,5.0
3190,5.0
3191,5.0
3192,5.0
3193,5.0
3194,5.0
3195,5.0
3196,89.0
3197,89.0
3198,89.0
3199,89.0
3200,89.0
3201,89.0
3202,89.0
3203,10.0
3204,10.0
3205,10.0
3206,10.0
3207,10.0
3208,10.0
3209,5.0
3210,5.0
3211,5.0
3212,5.0
3213,5.0
3214,5.0
3215,5.0
3216,5.0
3217,5.0
3218,5.0
3219,5.0
3220,5.0
3221,5.0
3222,5.0
3223,5.0
3224,89.0
3225,89.0
3226,89.0
3227,89.0
3228,89.0
3229,89.0
3230,89.0
3231,10.0
3232,10.0
3233,10.0
3234,10.0
3235,10.0
3236,10.0
3237,5.0
3238,5.0
3239,5.0
3240,5.0
3241,5.0
3242,5.0
3243,5.0
3244,5.0
3245,5.0
3246,5.0
3247,5.0
3248,5.0
3249,5.0
3250,5.0
3251,5.0
3252,89.0
3253,89.0
3254,89.0
3255,89.0
3256,89.0
3257,89.0
3258,89.0
3259,10.0
3260,10.0
3261,10.0
3262,10.0
3263,10.0
3264,10.0
3265,5.0
3266,5.0
3267,5.0
3268,5.0
3269,5.0
3270,5.0
3271,5.0
3272,5.0
3273,5.0
3274,5.0
3275,5.0
3276,5.0
3277,5.0
3278,5.0
3279,5.0
3280,89.0
3281,89.0
3282,89.0
3283,89.0
3284,89.0
3285,89.0
3286,89.0
3287,10.0
3288,10.0
3289,10.0
3290,10.0
3291,10.0
3292,10.0
3293,6.0
3294,6.0
3295,6.0
3296,6.0
3297,6.0
3298,6.0
3299,6.0
3300,6.0
3301,6.0
3302,6.0
3303,6.0
3304,6.0
3305,6.0
3306,6.0
3307,6.0
3308,93.0
3309,93.0
3310,93.0
3311,93.0
3312,93.0
3313,93.0
3314,93.0
3315,17.0
3316,17.0
3317,17.0
3318,17.0
3319,17.0
3320,17.0
3321,6.0
3322,6.0
3323,6.0
3324,6.0
3325,6.0
3326,6.0
3327,6.0
3328,6.0
3329,6.0
3330,6.0
3331,6.0
3332,6.0
3333,6.0
3334,6.0
3335,6.0
3336,93.0
3337,93.0
3338,93.0
3339,93.0
3340,93.0
3341,93.0
3342,93.0
3343,17.0
3344,17.0
3345,17.0
3346,17.0
3347,17.0
3348,17.0
3349,3.0
3350,3.0
3351,3.0
3352,3.0
3353,3.0
3354,3.0
3355,3.0
3356,3.0
3357,3.0
3358,3.0
3359,3.0
3360,3.0
3361,3.0
3362,3.0
3363,3.0
3364,87.0
3365,87.0
3366,87.0
3367,87.0
3368,87.0
3369,87.0
3370,87.0
3371,8.0
3372,8.0
3373,8.0
3374,8.0
3375,8.0
3376,8.0
3377,3.0
3378,3.0
3379,3.0
3380,3.0
3381,3.0
3382,3.0
3383,3.0
3384,3.0
3385,3.0
3386,3.0
3387,3.0
3388,3.0
3389,3.0
3390,3.0
3391,3.0
3392,89.0
3393,89.0
3394,89.0
3395,89.0
3396,89.0
3397,89.0
3398,89.0
3399,10.0
3400,10.0
3401,10.0
3402,10.0
3403,10.0
3404,10.0
3405,3.0
3406,3.0
3407,3.0
3408,3.0
3409,3.0
3410,3.0
3411,3.0
3412,3.0
3413,3.0
3414,3.0
3415,3.0
3416,3.0
3417,3.0
3418,3.0
3419,3.0
3420,89.0
3421,89.0
3422,89.0
3423,89.0
3424,89.0
3425,89.0
3426,89.0
3427,13.0
3428,13.0
3429,13.0
3430,13.0
3431,13.0
3432,13.0
3433,4.0
3434,4.0
3435,4.0
3436,4.0
3437,4.0
3438,4.0
3439,4.0
3440,4.0
3441,4.0
3442,4.0
3443,4.0
3444,4.0
3445,4.0
3446,4.0
3447,4.0
3448,89.0
3449,89.0
3450,89.0
3451,89.0
3452,89.0
3453,89.0
3454,89.0
3455,18.0
3456,18.0
3457,18.0
3458,18.0
3459,18.0
3460,18.0
3461,4.0
3462,4.0
3463,4.0
3464,4.0
3465,4.0
3466,4.0
3467,4.0
3468,4.0
3469,4.0
3470,4.0
3471,4.0
3472,4.0
3473,4.0
3474,4.0
3475,4.0
3476,82.0
3477,82.0
3478,82.0
3479,82.0
3480,82.0
3481,82.0
3482,82.0
3483,5.0
3484,5.0
3485,5.0
3486,5.0
3487,5.0
3488,5.0
3489,4.0
3490,4.0
3491,4.0
3492,4.0
3493,4.0
3494,4.0
3495,4.0
3496,4.0
3497,4.0
3498,4.0
3499,4.0
3500,4.0
3501,4.0
3502,4.0
3503,4.0
3504,82.0
3505,82.0
3506,82.0
3507,82.0
3508,82.0
3509,82.0
3510,82.0
3511,5.0
3512,5.0
3513,5.0
3514,5.0
3515,5.0
3516,5.0
3517,4.0
3518,4.0
3519,4.0
3520,4.0
3521,4.0
3522,4.0
3523,4.0
3524,4.0
3525,4.0
3526,4.0
3527,4.0
3528,4.0
3529,4.0
3530,4.0
3531,4.0
3532,82.0
3533,82.0
3534,82.0
3535,82.0
3536,82.0
3537,82.0
3538,82.0
3539,5.0
3540,5.0
3541,5.0
3542,5.0
3543,5.0
3544,5.0
3545,3.0
3546,3.0
3547,3.0
3548,3.0
3549,3.0
3550,3.0
3551,3.0
3552,3.0
3553,3.0
3554,3.0
3555,3.0
3556,3.0
3557,3.0
3558,3.0
3559,3.0
3560,66.0
3561,66.0
3562,66.0
3563,66.0
3564,66.0
3565,66.0
3566,66.0
3567,5.0
3568,5.0
3569,5.0
3570,5.0
3571,5.0
3572,5.0
3573,1.0
3574,1.0
3575,1.0
3576,1.0
3577,1.0
3578,1.0
3579,1.0
3580,1.0
3581,1.0
3582,1.0
3583,1.0
3584,1.0
3585,1.0
3586,1.0
3587,1.0
3588,66.0
3589,66.0
3590,66.0
3591,66.0
3592,66.0
3593,66.0
3594,66.0
3595,5.0
3596,5.0
3597,5.0
3598,5.0
3599,5.0
3600,5.0
3601,1.0
3602,1.0
3603,1.0
3604,1.0
3605,1.0
3606,1.0
3607,1.0
3608,1.0
3609,1.0
3610,1.0
3611,1.0
3612,1.0
3613,1.0
3614,1.0
3615,1.0
3616,66.0
3617,66.0
3618,66.0
3619,66.0
3620,66.0
3621,66.0
3622,66.0
3623,5.0
3624,5.0
3625,5.0
3626,5.0
3627,5.0
3628,5.0
3629,3.0
3630,3.0
3631,3.0
3632,3.0
3633,3.0
3634,3.0
3635,3.0
3636,3.0
3637,3.0
3638,3.0
3639,3.0
3640,3.0
3641,3.0
3642,3.0
3643,3.0
3644,66.0
3645,66.0
3646,66.0
3647,66.0
3648,66.0
3649,66.0
3650,66.0
3651,2.0
3652,2.0
3653,2.0
3654,2.0
3655,2.0
3656,2.0
3657,3.0
3658,3.0
3659,3.0
3660,3.0
3661,3.0
3662,3.0
3663,3.0
3664,3.0
3665,3.0
3666,3.0
3667,3.0
3668,3.0
3669,3.0
3670,3.0
3671,3.0
3672,66.0
3673,66.0
3674,66.0
3675,66.0
3676,66.0
3677,66.0
3678,66.0
3679,5.0
3680,5.0
3681,5.0
3682,5.0
3683,5.0
3684,5.0
3685,3.0
3686,3.0
3687,3.0
3688,3.0
3689,3.0
3690,3.0
3691,3.0
3692,3.0
3693,3.0
3694,3.0
3695,3.0
3696,3.0
3697,3.0
3698,3.0
3699,3.0
3700,66.0
3701,66.0
3702,66.0
3703,66.0
3704,66.0
3705,66.0
3706,66.0
3707,5.0
3708,5.0
3709,5.0
3710,5.0
3711,5.0
3712,5.0
3713,3.0
3714,3.0
3715,3.0
3716,3.0
3717,3.0
3718,3.0
3719,3.0
3720,3.0
3721,3.0
3722,3.0
3723,3.0
3724,3.0
3725,3.0
3726,3.0
3727,3.0
3728,66.0
3729,66.0
3730,66.0
3731,66.0
3732,66.0
3733,66.0
3734,66.0
3735,5.0
3736,5.0
3737,5.0
3738,5.0
3739,5.0
3740,5.0
3741,4.0
3742,4.0
3743,4.0
3744,4.0
3745,4.0
3746,4.0
3747,4.0
3748,4.0
3749,4.0
3750,4.0
3751,4.0
3752,4.0
3753,4.0
3754,4.0
3755,4.0
3756,66.0
3757,66.0
3758,66.0
3759,66.0
3760,66.0
3761,66.0
3762,66.0
3763,5.0
3764,5.0
3765,5.0
3766,5.0
3767,5.0
3768,5.0
3769,5.0
3770,5.0
3771,5.0
3772,5.0
3773,5.0
3774,5.0
3775,5.0
3776,5.0
3777,5.0
3778,5.0
3779,5.0
3780,5.0
3781,5.0
3782,5.0
3783,5.0
3784,66.0
3785,66.0
3786,66.0
3787,66.0
3788,66.0
3789,66.0
3790,66.0
3791,5.0
3792,5.0
3793,5.0
3794,5.0
3795,5.0
3796,5.0
3797,4.0
3798,4.0
3799,4.0
3800,4.0
3801,4.0
3802,4.0
3803,4.0
3804,4.0
3805,4.0
3806,4.0
3807,4.0
3808,4.0
3809,4.0
3810,4.0
3811,4.0
3812,62.0
3813,62.0
3814,62.0
3815,62.0
3816,62.0
3817,62.0
3818,62.0
3819,5.0
3820,5.0
3821,5.0
3822,5.0
3823,5.0
3824,5.0
3825,4.0
3826,4.0
3827,4.0
3828,4.0
3829,4.0
3830,4.0
3831,4.0
3832,4.0
3833,4.0
3834,4.0
3835,4.0
3836,4.0
3837,4.0
3838,4.0
3839,4.0
3840,62.0
3841,62.0
3842,62.0
3843,62.0
3844,62.0
3845,62.0
3846,62.0
3847,5.0
3848,5.0
3849,5.0
3850,5.0
3851,5.0
3852,5.0
3853,3.0
3854,3.0
3855,3.0
3856,3.0
3857,3.0
3858,3.0
3859,3.0
3860,3.0
3861,3.0
3862,3.0
3863,3.0
3864,3.0
3865,3.0
3866,3.0
3867,3.0
3868,62.0
3869,62.0
3870,62.0
3871,62.0
3872,62.0
3873,62.0
3874,62.0
3875,5.0
3876,5.0
3877,5.0
3878,5.0
3879,5.0
3880,5.0
3881,3.0
3882,3.0
3883,3.0
3884,3.0
3885,3.0
3886,3.0
3887,3.0
3888,3.0
3889,3.0
3890,3.0
3891,3.0
3892,3.0
3893,3.0
3894,3.0
3895,3.0
3896,62.0
3897,62.0
3898,62.0
3899,62.0
3900,62.0
3901,62.0
3902,62.0
3903,2.0
3904,2.0
3905,2.0
3906,2.0
3907,2.0
3908,2.0
3909,3.0
3910,3.0
3911,3.0
3912,3.0
3913,3.0
3914,3.0
3915,3.0
3916,3.0
3917,3.0
3918,3.0
3919,3.0
3920,3.0
3921,3.0
3922,3.0
3923,3.0
3924,62.0
3925,62.0
3926,62.0
3927,62.0
3928,62.0
3929,62.0
3930,62.0
3931,5.0
3932,5.0
3933,5.0
3934,5.0
3935,5.0
3936,5.0
3937,2.0
3938,2.0
3939,2.0
3940,2.0
3941,2.0
3942,2.0
3943,2.0
3944,2.0
3945,2.0
3946,2.0
3947,2.0
3948,2.0
3949,2.0
3950,2.0
3951,2.0
3952,59.0
3953,59.0
3954,59.0
3955,59.0
3956,59.0
3957,59.0
3958,59.0
3959,5.0
3960,5.0
3961,5.0
3962,5.0
3963,5.0
3964,5.0
3965,2.0
3966,2.0
3967,2.0
3968,2.0
3969,2.0
3970,2.0
3971,2.0
3972,2.0
3973,2.0
3974,2.0
3975,2.0
3976,2.0
3977,2.0
3978,2.0
3979,2.0
3980,59.0
3981,59.0
3982,59.0
3983,59.0
3984,59.0
3985,59.0
3986,59.0
3987,5.0
3988,5.0
3989,5.0
3990,5.0
3991,5.0
3992,5.0
3993,3.0
3994,3.0
3995,3.0
3996,3.0
3997,3.0
3998,2.0
3999,2.0
4000,2.0
4001,2.0
4002,2.0
4003,2.0
4004,2.0
4005,2.0
4006,2.0
4007,2.0
4008,59.0
4009,59.0
4010,59.0
4011,59.0
4012,59.0
4013,59.0
4014,59.0
4015,2.0
4016,2.0
4017,2.0
4018,2.0
4019,2.0
4020,2.0
4021,2.0
4022,2.0
4023,2.0
4024,2.0
4025,2.0
4026,2.0
4027,2.0
4028,2.0
4029,2.0
4030,2.0
4031,2.0
4032,2.0
4033,2.0
4034,2.0
4035,2.0
4036,59.0
4037,59.0
4038,59.0
4039,59.0
4040,59.0
4041,59.0
4042,59.0
4043,5.0
4044,5.0
4045,5.0
4046,5.0
4047,5.0
4048,5.0
4049,3.0
4050,3.0
4051,3.0
4052,3.0
4053,3.0
4054,2.0
4055,2.0
4056,2.0
4057,2.0
4058,2.0
4059,2.0
4060,2.0
4061,2.0
4062,2.0
4063,2.0
4064,59.0
4065,59.0
4066,59.0
4067,59.0
4068,59.0
4069,59.0
4070,59.0
4071,2.0
4072,2.0
4073,2.0
4074,2.0
4075,2.0
4076,2.0
4077,3.0
4078,3.0
4079,3.0
4080,3.0
4081,3.0
4082,2.0
4083,2.0
4084,2.0
4085,2.0
4086,2.0
4087,2.0
4088,2.0
4089,2.0
4090,2.0
4091,2.0
4092,59.0
4093,59.0
4094,59.0
4095,59.0
4096,59.0
4097,59.0
4098,59.0
4099,2.0
4100,2.0
4101,2.0
4102,2.0
4103,2.0
4104,2.0
4105,2.0
4106,2.0
4107,2.0
4108,2.0
4109,2.0
4110,2.0
4111,2.0
4112,2.0
4113,2.0
4114,2.0
4115,2.0
4116,2.0
4117,2.0
4118,2.0
4119,2.0
4120,53.0
4121,53.0
4122,53.0
4123,53.0
4124,53.0
4125,53.0
4126,53.0
4127,5.0
4128,5.0
4129,5.0
4130,5.0
4131,5.0
4132,5.0
4133,3.0
4134,3.0
4135,3.0
4136,3.0
4137,3.0
4138,2.0
4139,2.0
4140,2.0
4141,2.0
4142,2.0
4143,2.0
4144,2.0
4145,2.0
4146,2.0
4147,2.0
4148,53.0
4149,53.0
4150,53.0
4151,53.0
4152,53.0
4153,53.0
4154,53.0
4155,2.0
4156,2.0
4157,2.0
4158,2.0
4159,2.0
4160,2.0
4161,3.0
4162,3.0
4163,3.0
4164,3.0
4165,3.0
4166,3.0
4167,3.0
4168,3.0
4169,3.0
4170,3.0
4171,3.0
4172,3.0
4173,3.0
4174,3.0
4175,3.0
4176,53.0
4177,53.0
4178,53.0
4179,53.0
4180,53.0
4181,53.0
4182,53.0
4183,5.0
4184,5.0
4185,5.0
4186,5.0
4187,5.0
4188,5.0
4189,3.0
4190,3.0
4191,3.0
4192,3.0
4193,3.0
4194,3.0
4195,3.0
4196,3.0
4197,3.0
4198,3.0
4199,3.0
4200,3.0
4201,3.0
4202,3.0
4203,3.0
4204,60.0
4205,60.0
4206,60.0
4207,60.0
4208,60.0
4209,60.0
4210,60.0
4211,5.0
4212,5.0
4213,5.0
4214,5.0
4215,5.0
4216,5.0
4217,0.0
4218,0.0
4219,0.0
4220,0.0
4221,0.0
4222,3.0
4223,3.0
4224,3.0
4225,3.0
4226,3.0
4227,3.0
4228,3.0
4229,3.0
4230,3.0
4231,3.0
4232,60.0
4233,60.0
4234,60.0
4235,60.0
4236,60.0
4237,60.0
4238,60.0
4239,3.0
4240,3.0
4241,3.0
4242,3.0
4243,3.0
4244,3.0
4245,3.0
4246,3.0
4247,3.0
4248,3.0
4249,3.0
4250,3.0
4251,3.0
4252,3.0
4253,3.0
4254,3.0
4255,3.0
4256,3.0
4257,3.0
4258,3.0
4259,3.0
4260,60.0
4261,60.0
4262,60.0
4263,60.0
4264,60.0
4265,60.0
4266,60.0
4267,2.0
4268,2.0
4269,2.0
4270,2.0
4271,2.0
4272,2.0
4273,3.0
4274,3.0
4275,3.0
4276,3.0
4277,3.0
4278,3.0
4279,3.0
4280,3.0
4281,3.0
4282,3.0
4283,3.0
4284,3.0
4285,3.0
4286,3.0
4287,3.0
4288,60.0
4289,60.0
4290,60.0
4291,60.0
4292,60.0
4293,60.0
4294,60.0
4295,3.0
4296,3.0
4297,3.0
4298,3.0
4299,3.0
4300,3.0
4301,4.0
4302,4.0
4303,4.0
4304,4.0
4305,4.0
4306,4.0
4307,4.0
4308,4.0
4309,4.0
4310,4.0
4311,4.0
4312,4.0
4313,4.0
4314,4.0
4315,4.0
4316,60.0
4317,60.0
4318,60.0
4319,60.0
4320,60.0
4321,60.0
4322,60.0
4323,4.0
4324,4.0
4325,4.0
4326,4.0
4327,4.0
4328,4.0
4329,3.0
4330,3.0
4331,3.0
4332,3.0
4333,3.0
4334,3.0
4335,3.0
4336,3.0
4337,3.0
4338,3.0
4339,3.0
4340,3.0
4341,3.0
4342,3.0
4343,3.0
4344,60.0
4345,60.0
4346,60.0
4347,60.0
4348,60.0
4349,60.0
4350,60.0
4351,5.0
4352,5.0
4353,5.0
4354,5.0
4355,5.0
4356,5.0
4357,3.0
4358,3.0
4359,3.0
4360,3.0
4361,3.0
4362,3.0
4363,3.0
4364,3.0
4365,3.0
4366,3.0
4367,3.0
4368,3.0
4369,3.0
4370,3.0
4371,3.0
4372,60.0
4373,60.0
4374,60.0
4375,60.0
4376,60.0
4377,60.0
4378,60.0
4379,5.0
4380,5.0
4381,5.0
4382,5.0
4383,5.0
4384,5.0
4385,3.0
4386,3.0
4387,3.0
4388,3.0
4389,3.0
4390,3.0
4391,3.0
4392,3.0
4393,3.0
4394,3.0
4395,3.0
4396,3.0
4397,3.0
4398,3.0
4399,3.0
4400,60.0
4401,60.0
4402,60.0
4403,60.0
4404,60.0
4405,60.0
4406,60.0
4407,2.0
4408,2.0
4409,2.0
4410,2.0
4411,2.0
4412,2.0
4413,3.0
4414,3.0
4415,3.0
4416,3.0
4417,3.0
4418,3.0
4419,3.0
4420,3.0
4421,3.0
4422,3.0
4423,3.0
4424,3.0
4425,3.0
4426,3.0
4427,3.0
4428,60.0
4429,60.0
4430,60.0
4431,60.0
4432,60.0
4433,60.0
4434,60.0
4435,2.0
4436,2.0
4437,2.0
4438,2.0
4439,2.0
4440,2.0
4441,3.0
4442,3.0
4443,3.0
4444,3.0
4445,3.0
4446,3.0
4447,3.0
4448,3.0
4449,3.0
4450,3.0
4451,3.0
4452,3.0
4453,3.0
4454,3.0
4455,3.0
4456,60.0
4457,60.0
4458,60.0
4459,60.0
4460,60.0
4461,60.0
4462,60.0
4463,5.0
4464,5.0
4465,5.0
4466,5.0
4467,5.0
4468,5.0
4469,3.0
4470,3.0
4471,3.0
4472,3.0
4473,3.0
4474,3.0
4475,3.0
4476,3.0
4477,3.0
4478,3.0
4479,3.0
4480,3.0
4481,3.0
4482,3.0
4483,3.0
4484,60.0
4485,60.0
4486,60.0
4487,60.0
4488,60.0
4489,60.0
4490,60.0
4491,5.0
4492,5.0
4493,5.0
4494,5.0
4495,5.0
4496,5.0
4497,3.0
4498,3.0
4499,3.0
4500,3.0
4501,3.0
4502,3.0
4503,3.0
4504,3.0
4505,3.0
4506,3.0
4507,3.0
4508,3.0
4509,3.0
4510,3.0
4511,3.0
4512,60.0
4513,60.0
4514,60.0
4515,60.0
4516,60.0
4517,60.0
4518,60.0
4519,5.0
4520,5.0
4521,5.0
4522,5.0
4523,5.0
4524,5.0
4525,3.0
4526,3.0
4527,3.0
4528,3.0
4529,3.0
4530,3.0
4531,3.0
4532,3.0
4533,3.0
4534,3.0
4535,3.0
4536,3.0
4537,3.0
4538,3.0
4539,3.0
4540,60.0
4541,60.0
4542,60.0
4543,60.0
4544,60.0
4545,60.0
4546,60.0
4547,5.0
4548,5.0
4549,5.0
4550,5.0
4551,5.0
4552,5.0
4553,3.0
4554,3.0
4555,3.0
4556,3.0
4557,3.0
4558,3.0
4559,3.0
4560,3.0
4561,3.0
4562,3.0
4563,3.0
4564,3.0
4565,3.0
4566,3.0
4567,3.0
4568,60.0
4569,60.0
4570,60.0
4571,60.0
4572,60.0
4573,60.0
4574,60.0
4575,3.0
4576,3.0
4577,3.0
4578,3.0
4579,3.0
4580,3.0
4581,3.0
4582,3.0
4583,3.0
4584,3.0
4585,3.0
4586,3.0
4587,3.0
4588,3.0
4589,3.0
4590,3.0
4591,3.0
4592,3.0
4593,3.0
4594,3.0
4595,3.0
4596,60.0
4597,60.0
4598,60.0
4599,60.0
4600,60.0
4601,60.0
4602,60.0
4603,2.0
4604,2.0
4605,2.0
4606,2.0
4607,2.0
4608,2.0
4609,3.0
4610,3.0
4611,3.0
4612,3.0
4613,3.0
4614,3.0
4615,3.0
4616,3.0
4617,3.0
4618,3.0
4619,3.0
4620,3.0
4621,3.0
4622,3.0
4623,3.0
4624,60.0
4625,60.0
4626,60.0
4627,60.0
4628,60.0
4629,60.0
4630,60.0
4631,5.0
4632,5.0
4633,5.0
4634,5.0
4635,5.0
4636,5.0
4637,3.0
4638,3.0
4639,3.0
4640,3.0
4641,3.0
4642,3.0
4643,3.0
4644,3.0
4645,3.0
4646,3.0
4647,3.0
4648,3.0
4649,3.0
4650,3.0
4651,3.0
4652,60.0
4653,60.0
4654,60.0
4655,60.0
4656,60.0
4657,60.0
4658,60.0
4659,5.0
4660,5.0
4661,5.0
4662,5.0
4663,5.0
4664,5.0
4665,3.0
4666,3.0
4667,3.0
4668,3.0
4669,3.0
4670,3.0
4671,3.0
4672,3.0
4673,3.0
4674,3.0
4675,3.0
4676,3.0
4677,3.0
4678,3.0
4679,3.0
4680,60.0
4681,60.0
4682,60.0
4683,60.0
4684,60.0
4685,60.0
4686,60.0
4687,5.0
4688,5.0
4689,5.0
4690,5.0
4691,5.0
4692,5.0
4693,3.0
4694,3.0
4695,3.0
4696,3.0
4697,3.0
4698,3.0
4699,3.0
4700,3.0
4701,3.0
4702,3.0
4703,3.0
4704,3.0
4705,3.0
4706,3.0
4707,3.0
4708,60.0
4709,60.0
4710,60.0
4711,60.0
4712,60.0
4713,60.0
4714,60.0
4715,2.0
4716,2.0
4717,2.0
4718,2.0
4719,2.0
4720,2.0
4721,3.0
4722,3.0
4723,3.0
4724,3.0
4725,3.0
4726,3.0
4727,3.0
4728,3.0
4729,3.0
4730,3.0
4731,3.0
4732,3.0
4733,3.0
4734,3.0
4735,3.0
4736,60.0
4737,60.0
4738,60.0
4739,60.0
4740,60.0
4741,60.0
4742,60.0
4743,2.0
4744,2.0
4745,2.0
4746,2.0
4747,2.0
4748,2.0
4749,3.0
4750,3.0
4751,3.0
4752,3.0
4753,3.0
4754,3.0
4755,3.0
4756,3.0
4757,3.0
4758,3.0
4759,3.0
4760,3.0
4761,3.0
4762,3.0
4763,3.0
4764,60.0
4765,60.0
4766,60.0
4767,60.0
4768,60.0
4769,60.0
4770,60.0
4771,5.0
4772,5.0
4773,5.0
4774,5.0
4775,5.0
4776,5.0
4777,3.0
4778,3.0
4779,3.0
4780,3.0
4781,3.0
4782,3.0
4783,3.0
4784,3.0
4785,3.0
4786,3.0
4787,3.0
4788,3.0
4789,3.0
4790,3.0
4791,3.0
4792,54.0
4793,54.0
4794,54.0
4795,54.0
4796,54.0
4797,54.0
4798,54.0
4799,2.0
4800,2.0
4801,2.0
4802,2.0
4803,2.0
4804,2.0
4805,3.0
4806,3.0
4807,3.0
4808,3.0
4809,3.0
4810,3.0
4811,3.0
4812,3.0
4813,3.0
4814,3.0
4815,3.0
4816,3.0
4817,3.0
4818,3.0
4819,3.0
4820,54.0
4821,54.0
4822,54.0
4823,54.0
4824,54.0
4825,54.0
4826,54.0
4827,5.0
4828,5.0
4829,5.0
4830,5.0
4831,5.0
4832,5.0
4833,3.0
4834,3.0
4835,3.0
4836,3.0
4837,3.0
4838,3.0
4839,3.0
4840,3.0
4841,3.0
4842,3.0
4843,3.0
4844,3.0
4845,3.0
4846,3.0
4847,3.0
4848,54.0
4849,54.0
4850,54.0
4851,54.0
4852,54.0
4853,54.0
4854,54.0
4855,3.0
4856,3.0
4857,3.0
4858,3.0
4859,3.0
4860,3.0
4861,3.0
4862,3.0
4863,3.0
4864,3.0
4865,3.0
4866,3.0
4867,3.0
4868,3.0
4869,3.0
4870,3.0
4871,3.0
4872,3.0
4873,3.0
4874,3.0
4875,3.0
4876,62.0
4877,62.0
4878,62.0
4879,62.0
4880,62.0
4881,62.0
4882,62.0
4883,5.0
4884,5.0
4885,5.0
4886,5.0
4887,5.0
4888,5.0
4889,3.0
4890,3.0
4891,3.0
4892,3.0
4893,3.0
4894,3.0
4895,3.0
4896,3.0
4897,3.0
4898,3.0
4899,3.0
4900,3.0
4901,3.0
4902,3.0
4903,3.0
4904,62.0
4905,62.0
4906,62.0
4907,62.0
4908,62.0
4909,62.0
4910,62.0
4911,5.0
4912,5.0
4913,5.0
4914,5.0
4915,5.0
4916,5.0
4917,3.0
4918,3.0
4919,3.0
4920,3.0
4921,3.0
4922,3.0
4923,3.0
4924,3.0
4925,3.0
4926,3.0
4927,3.0
4928,3.0
4929,3.0
4930,3.0
4931,3.0
4932,62.0
4933,62.0
4934,62.0
4935,62.0
4936,62.0
4937,62.0
4938,62.0
4939,3.0
4940,3.0
4941,3.0
4942,3.0
4943,3.0
4944,3.0
4945,3.0
4946,3.0
4947,3.0
4948,3.0
4949,3.0
4950,3.0
4951,3.0
4952,3.0
4953,3.0
4954,3.0
4955,3.0
4956,3.0
4957,3.0
4958,3.0
4959,3.0
4960,62.0
4961,62.0
4962,62.0
4963,62.0
4964,62.0
4965,62.0
4966,62.0
4967,3.0
4968,3.0
4969,3.0
4970,3.0
4971,3.0
4972,3.0
4973,5.0
4974,5.0
4975,5.0
4976,5.0
4977,5.0
4978,5.0
4979,5.0
4980,5.0
4981,5.0
4982,5.0
4983,5.0
4984,5.0
4985,5.0
4986,5.0
4987,5.0
4988,62.0
4989,62.0
4990,62.0
4991,62.0
4992,62.0
4993,62.0
4994,62.0
4995,6.0
4996,6.0
4997,6.0
4998,6.0
4999,6.0
5000,6.0
5001,5.0
5002,5.0
5003,5.0
5004,5.0
5005,5.0
5006,5.0
5007,5.0
5008,5.0
5009,5.0
5010,5.0
5011,5.0
5012,5.0
5013,5.0
5014,5.0
5015,5.0
5016,62.0
5017,62.0
5018,62.0
5019,62.0
5020,62.0
5021,62.0
5022,62.0
5023,6.0
5024,6.0
5025,6.0
5026,6.0
5027,6.0
5028,6.0
5029,3.0
5030,3.0
5031,3.0
5032,3.0
5033,3.0
5034,3.0
5035,3.0
5036,3.0
5037,3.0
5038,3.0
5039,3.0
5040,3.0
5041,3.0
5042,3.0
5043,3.0
5044,62.0
5045,62.0
5046,62.0
5047,62.0
5048,62.0
5049,62.0
5050,62.0
5051,6.0
5052,6.0
5053,6.0
5054,6.0
5055,6.0
5056,6.0
5057,3.0
5058,3.0
5059,3.0
5060,3.0
5061,3.0
5062,3.0
5063,3.0
5064,3.0
5065,3.0
5066,3.0
5067,3.0
5068,3.0
5069,3.0
5070,3.0
5071,3.0
5072,62.0
5073,62.0
5074,62.0
5075,62.0
5076,62.0
5077,62.0
5078,62.0
5079,3.0
5080,3.0
5081,3.0
5082,3.0
5083,3.0
5084,3.0
5085,3.0
5086,3.0
5087,3.0
5088,3.0
5089,3.0
5090,3.0
5091,3.0
5092,3.0
5093,3.0
5094,3.0
5095,3.0
5096,3.0
5097,3.0
5098,3.0
5099,3.0
5100,62.0
5101,62.0
5102,62.0
5103,62.0
5104,62.0
5105,62.0
5106,62.0
5107,6.0
5108,6.0
5109,6.0
5110,6.0
5111,6.0
5112,6.0
5113,3.0
5114,3.0
5115,3.0
5116,3.0
5117,3.0
5118,3.0
5119,3.0
5120,3.0
5121,3.0
5122,3.0
5123,3.0
5124,3.0
5125,3.0
5126,3.0
5127,3.0
5128,62.0
5129,62.0
5130,62.0
5131,62.0
5132,62.0
5133,62.0
5134,62.0
5135,6.0
5136,6.0
5137,6.0
5138,6.0
5139,6.0
5140,6.0
5141,3.0
5142,3.0
5143,3.0
5144,3.0
5145,3.0
5146,3.0
5147,3.0
5148,3.0
5149,3.0
5150,3.0
5151,3.0
5152,3.0
5153,3.0
5154,3.0
5155,3.0
5156,62.0
5157,62.0
5158,62.0
5159,62.0
5160,62.0
5161,62.0
5162,62.0
5163,6.0
5164,6.0
5165,6.0
5166,6.0
5167,6.0
5168,6.0
5169,3.0
5170,3.0
5171,3.0
5172,3.0
5173,3.0
5174,3.0
5175,3.0
5176,3.0
5177,3.0
5178,3.0
5179,3.0
5180,3.0
5181,3.0
5182,3.0
5183,3.0
5184,62.0
5185,62.0
5186,62.0
5187,62.0
5188,62.0
5189,62.0
5190,62.0
5191,6.0
5192,6.0
5193,6.0
5194,6.0
5195,6.0
5196,6.0
5197,3.0
5198,3.0
5199,3.0
5200,3.0
5201,3.0
5202,3.0
5203,3.0
5204,3.0
5205,3.0
5206,3.0
5207,3.0
5208,3.0
5209,3.0
5210,3.0
5211,3.0
5212,62.0
5213,62.0
5214,62.0
5215,62.0
5216,62.0
5217,62.0
5218,62.0
5219,6.0
5220,6.0
5221,6.0
5222,6.0
5223,6.0
5224,6.0
5225,3.0
5226,3.0
5227,3.0
5228,3.0
5229,3.0
5230,3.0
5231,3.0
5232,3.0
5233,3.0
5234,3.0
5235,3.0
5236,3.0
5237,3.0
5238,3.0
5239,3.0
5240,62.0
5241,62.0
5242,62.0
5243,62.0
5244,62.0
5245,62.0
5246,62.0
5247,6.0
5248,6.0
5249,6.0
5250,6.0
5251,6.0
5252,6.0
5253,3.0
5254,3.0
5255,3.0
5256,3.0
5257,3.0
5258,3.0
5259,3.0
5260,3.0
5261,3.0
5262,3.0
5263,3.0
5264,3.0
5265,3.0
5266,3.0
5267,3.0
5268,62.0
5269,62.0
5270,62.0
5271,62.0
5272,62.0
5273,62.0
5274,62.0
5275,6.0
5276,6.0
5277,6.0
5278,6.0
5279,6.0
5280,6.0
5281,3.0
5282,3.0
5283,3.0
5284,3.0
5285,3.0
5286,3.0
5287,3.0
5288,3.0
5289,3.0
5290,3.0
5291,3.0
5292,3.0
5293,3.0
5294,3.0
5295,3.0
5296,62.0
5297,62.0
5298,62.0
5299,62.0
5300,62.0
5301,62.0
5302,62.0
5303,6.0
5304,6.0
5305,6.0
5306,6.0
5307,6.0
5308,6.0
5309,3.0
5310,3.0
5311,3.0
5312,3.0
5313,3.0
5314,3.0
5315,3.0
5316,3.0
5317,3.0
5318,3.0
5319,3.0
5320,3.0
5321,3.0
5322,3.0
5323,3.0
5324,62.0
5325,62.0
5326,62.0
5327,62.0
5328,62.0
5329,62.0
5330,62.0
5331,3.0
5332,3.0
5333,3.0
5334,3.0
5335,3.0
5336,3.0
5337,3.0
5338,3.0
5339,3.0
5340,3.0
5341,3.0
5342,3.0
5343,3.0
5344,3.0
5345,3.0
5346,3.0
5347,3.0
5348,3.0
5349,3.0
5350,3.0
5351,3.0
5352,62.0
5353,62.0
5354,62.0
5355,62.0
5356,62.0
5357,62.0
5358,62.0
5359,6.0
5360,6.0
5361,6.0
5362,6.0
5363,6.0
5364,6.0
5365,3.0
5366,3.0
5367,3.0
5368,3.0
5369,3.0
5370,3.0
5371,3.0
5372,3.0
5373,3.0
5374,3.0
5375,3.0
5376,3.0
5377,3.0
5378,3.0
5379,3.0
5380,62.0
5381,62.0
5382,62.0
5383,62.0
5384,62.0
5385,62.0
5386,62.0
5387,6.0
5388,6.0
5389,6.0
5390,6.0
5391,6.0
5392,6.0
5393,3.0
5394,3.0
5395,3.0
5396,3.0
5397,3.0
5398,3.0
5399,3.0
5400,3.0
5401,3.0
5402,3.0
5403,3.0
5404,3.0
5405,3.0
5406,3.0
5407,3.0
5408,62.0
5409,62.0
5410,62.0
5411,62.0
5412,62.0
5413,62.0
5414,62.0
5415,6.0
5416,6.0
5417,6.0
5418,6.0
5419,6.0
5420,6.0
5421,3.0
5422,3.0
5423,3.0
5424,3.0
5425,3.0
5426,3.0
5427,3.0
5428,3.0
5429,3.0
5430,3.0
5431,3.0
5432,3.0
5433,3.0
5434,3.0
5435,3.0
5436,62.0
5437,62.0
5438,62.0
5439,62.0
5440,62.0
5441,62.0
5442,62.0
5443,6.0
5444,6.0
5445,6.0
5446,6.0
5447,6.0
5448,6.0
5449,3.0
5450,3.0
5451,3.0
5452,3.0
5453,3.0
5454,3.0
5455,3.0
5456,3.0
5457,3.0
5458,3.0
5459,3.0
5460,3.0
5461,3.0
5462,3.0
5463,3.0
5464,62.0
5465,62.0
5466,62.0
5467,62.0
5468,62.0
5469,62.0
5470,62.0
5471,6.0
5472,6.0
5473,6.0
5474,6.0
5475,6.0
5476,6.0
5477,3.0
5478,3.0
5479,3.0
5480,3.0
5481,3.0
5482,3.0
5483,3.0
5484,3.0
5485,3.0
5486,3.0
5487,3.0
5488,3.0
5489,3.0
5490,3.0
5491,3.0
5492,62.0
5493,62.0
5494,62.0
5495,62.0
5496,62.0
5497,62.0
5498,62.0
5499,3.0
5500,3.0
5501,3.0
5502,3.0
5503,3.0
5504,3.0
5505,3.0
5506,3.0
5507,3.0
5508,3.0
5509,3.0
5510,3.0
5511,3.0
5512,3.0
5513,3.0
5514,3.0
5515,3.0
5516,3.0
5517,3.0
5518,3.0
5519,3.0
5520,62.0
5521,62.0
5522,62.0
5523,62.0
5524,62.0
5525,62.0
5526,62.0
5527,6.0
5528,6.0
5529,6.0
5530,6.0
5531,6.0
5532,6.0
5533,2.0
5534,2.0
5535,2.0
5536,2.0
5537,2.0
5538,2.0
5539,2.0
5540,2.0
5541,2.0
5542,2.0
5543,2.0
5544,2.0
5545,2.0
5546,2.0
5547,2.0
5548,62.0
5549,62.0
5550,62.0
5551,62.0
5552,62.0
5553,62.0
5554,62.0
5555,6.0
5556,6.0
5557,6.0
5558,6.0
5559,6.0
5560,6.0
5561,2.0
5562,2.0
5563,2.0
5564,2.0
5565,2.0
5566,2.0
5567,2.0
5568,2.0
5569,2.0
5570,2.0
5571,2.0
5572,2.0
5573,2.0
5574,2.0
5575,2.0
5576,62.0
5577,62.0
5578,62.0
5579,62.0
5580,62.0
5581,62.0
5582,62.0
5583,6.0
5584,6.0
5585,6.0
5586,6.0
5587,6.0
5588,6.0
5589,2.0
5590,2.0
5591,2.0
5592,2.0
5593,2.0
5594,2.0
5595,2.0
5596,2.0
5597,2.0
5598,2.0
5599,2.0
5600,2.0
5601,2.0
5602,2.0
5603,2.0
5604,62.0
5605,62.0
5606,62.0
5607,62.0
5608,62.0
5609,62.0
5610,62.0
5611,6.0
5612,6.0
5613,6.0
5614,6.0
5615,6.0
5616,6.0
5617,2.0
5618,2.0
5619,2.0
5620,2.0
5621,2.0
5622,2.0
5623,2.0
5624,2.0
5625,2.0
5626,2.0
5627,2.0
5628,2.0
5629,2.0
5630,2.0
5631,2.0
5632,32.0
5633,32.0
5634,32.0
5635,32.0
5636,32.0
5637,32.0
5638,32.0
5639,2.0
5640,2.0
5641,2.0
5642,2.0
5643,2.0
5644,2.0
5645,2.0
5646,2.0
5647,2.0
5648,2.0
5649,2.0
5650,2.0
5651,2.0
5652,2.0
5653,2.0
5654,2.0
5655,2.0
5656,2.0
5657,2.0
5658,2.0
5659,2.0
5660,24.0
5661,24.0
5662,24.0
5663,24.0
5664,24.0
5665,24.0
5666,24.0
5667,2.0
5668,2.0
5669,2.0
5670,2.0
5671,2.0
5672,2.0
5673,2.0
5674,2.0
5675,2.0
5676,2.0
5677,2.0
5678,2.0
5679,2.0
5680,2.0
5681,2.0
5682,2.0
5683,2.0
5684,2.0
5685,2.0
5686,2.0
5687,2.0
5688,24.0
5689,24.0
5690,24.0
5691,24.0
5692,24.0
5693,24.0
5694,24.0
5695,2.0
5696,2.0
5697,2.0
5698,2.0
5699,2.0
5700,2.0
5701,2.0
5702,2.0
5703,2.0
5704,2.0
5705,2.0
5706,2.0
5707,2.0
5708,2.0
5709,2.0
5710,2.0
5711,2.0
5712,2.0
5713,2.0
5714,2.0
5715,2.0
5716,24.0
5717,24.0
5718,24.0
5719,24.0
5720,24.0
5721,24.0
5722,24.0
5723,2.0
5724,2.0
5725,2.0
5726,2.0
5727,2.0
5728,2.0
5729,2.0
5730,2.0
5731,2.0
5732,2.0
5733,2.0
5734,2.0
5735,2.0
5736,2.0
5737,2.0
5738,2.0
5739,2.0
5740,2.0
5741,2.0
5742,2.0
5743,2.0
5744,24.0
5745,24.0
5746,24.0
5747,24.0
5748,24.0
5749,24.0
5750,24.0
5751,2.0
5752,2.0
5753,2.0
5754,2.0
5755,2.0
5756,2.0
5757,2.0
5758,2.0
5759,2.0
5760,2.0
5761,2.0
5762,2.0
5763,2.0
5764,2.0
5765,2.0
5766,2.0
5767,2.0
5768,2.0
5769,2.0
5770,2.0
5771,2.0
5772,24.0
5773,24.0
5774,24.0
5775,24.0
5776,24.0
5777,24.0
5778,24.0
5779,3.0
5780,3.0
5781,3.0
5782,3.0
5783,3.0
5784,3.0
5785,2.0
5786,2.0
5787,2.0
5788,2.0
5789,2.0
5790,2.0
5791,2.0
5792,2.0
5793,2.0
5794,2.0
5795,2.0
5796,24.0
5797,24.0
5798,24.0
5799,24.0
5800,24.0
5801,24.0
5802,24.0
5803,3.0
5804,3.0
5805,3.0
5806,3.0
5807,3.0
5808,3.0
5809,2.0
5810,2.0
5811,2.0
5812,2.0
5813,2.0
5814,2.0
5815,2.0
5816,24.0
5817,24.0
5818,24.0
5819,24.0
5820,24.0
5821,24.0
5822,24.0
5823,3.0
5824,3.0
5825,3.0
5826,3.0
5827,3.0
5828,3.0
5829,2.0
5830,2.0
5831,2.0
5832,2.0
5833,2.0
5834,2.0
5835,2.0
5836,2.0
5837,2.0
5838,2.0
5839,2.0
5840,24.0
5841,24.0
5842,24.0
5843,24.0
5844,24.0
5845,24.0
5846,24.0
5847,2.0
5848,2.0
5849,2.0
5850,2.0
5851,2.0
5852,2.0
5853,2.0
5854,2.0
5855,2.0
5856,2.0
5857,2.0
5858,2.0
5859,2.0
5860,2.0
5861,2.0
5862,2.0
5863,2.0
5864,2.0
5865,2.0
5866,2.0
5867,2.0
5868,24.0
5869,24.0
5870,24.0
5871,24.0
5872,24.0
5873,24.0
5874,24.0
5875,3.0
5876,3.0
5877,3.0
5878,3.0
5879,3.0
5880,3.0
5881,2.0
5882,2.0
5883,2.0
5884,2.0
5885,2.0
5886,2.0
5887,2.0
5888,2.0
5889,2.0
5890,2.0
5891,2.0
5892,2.0
5893,2.0
5894,2.0
5895,2.0
5896,24.0
5897,24.0
5898,24.0
5899,24.0
5900,24.0
5901,24.0
5902,24.0
5903,3.0
5904,3.0
5905,3.0
5906,3.0
5907,3.0
5908,3.0
5909,2.0
5910,2.0
5911,2.0
5912,2.0
5913,2.0
5914,2.0
5915,2.0
5916,2.0
5917,2.0
5918,2.0
5919,2.0
5920,2.0
5921,2.0
5922,2.0
5923,2.0
5924,24.0
5925,24.0
5926,24.0
5927,24.0
5928,24.0
5929,24.0
5930,24.0
5931,2.0
5932,2.0
5933,2.0
5934,2.0
5935,2.0
5936,2.0
5937,24.0
5938,24.0
5939,24.0
5940,24.0
5941,2.0
5942,2.0
5943,2.0
5944,2.0
5945,2.0
5946,2.0
5947,2.0
5948,2.0
5949,2.0
5950,24.0
5951,24.0
5952,24.0
5953,24.0
5954,2.0
5955,2.0
5956,2.0
5957,2.0
5958,2.0
5959,2.0
5960,24.0
5961,24.0
5962,24.0
5963,24.0
5964,2.0
5965,2.0
5966,2.0
5967,2.0
5968,2.0
5969,2.0
